{
  "accuracy": 0.6432291666666666,
  "precision": 0.563953488372093,
  "recall": 0.610062893081761,
  "f1": 0.5861027190332326,
  "roc_auc": 0.6858141160027953,
  "positive_rate_test": 0.4140625,
  "confusion_matrix": [
    [
      150,
      75
    ],
    [
      62,
      97
    ]
  ],
  "classification_report": {
    "0": {
      "precision": 0.7075471698113207,
      "recall": 0.6666666666666666,
      "f1-score": 0.6864988558352403,
      "support": 225.0
    },
    "1": {
      "precision": 0.563953488372093,
      "recall": 0.610062893081761,
      "f1-score": 0.5861027190332326,
      "support": 159.0
    },
    "accuracy": 0.6432291666666666,
    "macro avg": {
      "precision": 0.6357503290917068,
      "recall": 0.6383647798742138,
      "f1-score": 0.6363007874342365,
      "support": 384.0
    },
    "weighted avg": {
      "precision": 0.6480904110903905,
      "recall": 0.6432291666666666,
      "f1-score": 0.644928580440659,
      "support": 384.0
    }
  },
  "rows": 1920,
  "positive_rate_train": 0.4134114583333333
}